1,Aligned_data/Shriman/11951891_10207235866755777_5856439045453734250_n.png
1,Aligned_data/Shriman/16114204_10211293529354806_1420784621473134444_n.png
1,Aligned_data/Shriman/468687_4320787258684_816228600_o.png
1,Aligned_data/Shriman/971169_10201117566922105_1024248594_n.png
1,Aligned_data/Shriman/16939379_10211608646112528_6072906567218020875_n.png
1,Aligned_data/Shriman/12313574_10207833760662751_5409535076671737719_n.png
1,Aligned_data/Shriman/download (1).png
1,Aligned_data/Shriman/download (4).png
1,Aligned_data/Shriman/download (2).png
1,Aligned_data/Shriman/10299083_10203664140904863_7910048773049352409_n.png
1,Aligned_data/Shriman/2012_10200275467070135_1209699916_n.png
1,Aligned_data/Shriman/529866_10200429482560426_496289005_n.png
1,Aligned_data/Shriman/891974_10200792338711603_1799288403_o.png
1,Aligned_data/Shriman/1538813_10203521232412240_2801555311490931744_n.png
1,Aligned_data/Shriman/393306_2768319367957_1624383404_n.png
1,Aligned_data/Shriman/download (3).png
1,Aligned_data/Shriman/376329_2768320367982_1597465982_n.png
1,Aligned_data/Shriman/download.png
1,Aligned_data/Shriman/377461_2887799434884_92981217_n.png
2,Aligned_data/Anirudh/574539_4436040183094_417847052_n.png
2,Aligned_data/Anirudh/12973239_10206278626348524_8820711823067040055_o.png
2,Aligned_data/Anirudh/10613068_10202566112097988_6226329060260793312_n.png
2,Aligned_data/Anirudh/12976860_10206278567227046_460970805074742322_o.png
2,Aligned_data/Anirudh/12971033_10206278621508403_2270733944229873852_o.png
2,Aligned_data/Anirudh/10380684_10202356510218072_6204025277031980010_o.png
2,Aligned_data/Anirudh/12891595_10206278623548454_8275006375074866914_o.png
2,Aligned_data/Anirudh/12967905_10206278625188495_6099862895320514398_o (1).png
2,Aligned_data/Anirudh/133338_3863209542686_446251919_o.png
2,Aligned_data/Anirudh/69690_4436086904262_2071188081_n.png
2,Aligned_data/Anirudh/379321_4436070623855_1415163337_n.png
2,Aligned_data/Anirudh/1002878_10205244530528060_8954439877019847026_n.png
2,Aligned_data/Anirudh/10437788_826231420762226_8450259931892651045_n.png
2,Aligned_data/Anirudh/1235373_10200546442007498_1587392092_n.png
2,Aligned_data/Anirudh/12967905_10206278625188495_6099862895320514398_o.png
2,Aligned_data/Anirudh/12957624_10206278636628781_517266811455084425_o.png
2,Aligned_data/Anirudh/11246687_10204368791643850_2489465331846946392_n.png
3,Aligned_data/Bhat Sir/20464258_657292131141300_1064210071_n.png
3,Aligned_data/Bhat Sir/20401355_657292111141302_666498549_n.png
3,Aligned_data/Bhat Sir/Screenshot from 2017-07-27 12-53-32.png
3,Aligned_data/Bhat Sir/Screenshot from 2017-07-27 12-53-47.png
3,Aligned_data/Bhat Sir/20427011_657292124474634_48655011_o.png
3,Aligned_data/Bhat Sir/Screenshot from 2017-07-26 17-32-44.png
3,Aligned_data/Bhat Sir/20428260_657292134474633_1737046001_n.png
3,Aligned_data/Bhat Sir/20427586_657292127807967_1750928113_n.png
3,Aligned_data/Bhat Sir/Screenshot from 2017-07-31 20-35-48.png
3,Aligned_data/Bhat Sir/download.png
3,Aligned_data/Bhat Sir/20464258_657292131141300_1064210071_n (copy).png
3,Aligned_data/Bhat Sir/20427336_657292114474635_1279811530_o.png
3,Aligned_data/Bhat Sir/Screenshot from 2017-07-27 12-51-56.png
4,Aligned_data/Sumeetha/17.png
4,Aligned_data/Sumeetha/18.png
4,Aligned_data/Sumeetha/7.png
4,Aligned_data/Sumeetha/1.png
4,Aligned_data/Sumeetha/12.png
4,Aligned_data/Sumeetha/2.png
4,Aligned_data/Sumeetha/15.png
4,Aligned_data/Sumeetha/16.png
4,Aligned_data/Sumeetha/9.png
4,Aligned_data/Sumeetha/4.png
4,Aligned_data/Sumeetha/5.png
4,Aligned_data/Sumeetha/6.png
4,Aligned_data/Sumeetha/20.png
4,Aligned_data/Sumeetha/11.png
4,Aligned_data/Sumeetha/14.png
4,Aligned_data/Sumeetha/10.png
4,Aligned_data/Sumeetha/3.png
4,Aligned_data/Sumeetha/8.png
4,Aligned_data/Sumeetha/13.png
4,Aligned_data/Sumeetha/19.png
5,Aligned_data/Jay Patel/Screenshot from 2017-07-27 14-16-33.png
5,Aligned_data/Jay Patel/Screenshot from 2017-07-27 14-14-40.png
5,Aligned_data/Jay Patel/Screenshot from 2017-07-27 14-08-33.png
5,Aligned_data/Jay Patel/Screenshot from 2017-07-27 14-17-04.png
5,Aligned_data/Jay Patel/Screenshot from 2017-07-27 14-14-01.png
5,Aligned_data/Jay Patel/maxresdefault.png
5,Aligned_data/Jay Patel/Screenshot from 2017-07-27 14-14-13.png
5,Aligned_data/Jay Patel/Screenshot from 2017-07-27 14-14-08.png
5,Aligned_data/Jay Patel/IMI-Jay-Patel-992x662.png
5,Aligned_data/Jay Patel/Screenshot from 2017-07-27 14-14-54.png
5,Aligned_data/Jay Patel/Screenshot from 2017-07-27 14-11-05.png
5,Aligned_data/Jay Patel/Screenshot from 2017-07-27 14-14-28.png
5,Aligned_data/Jay Patel/0806ac7.png
5,Aligned_data/Jay Patel/Screenshot from 2017-07-27 14-10-23.png
5,Aligned_data/Jay Patel/Screenshot from 2017-07-27 14-17-30.png
5,Aligned_data/Jay Patel/Screenshot from 2017-07-27 14-11-20.png
5,Aligned_data/Jay Patel/Screenshot from 2017-07-27 14-10-58.png
6,Aligned_data/Unknown/download (11).png
6,Aligned_data/Unknown/download (24).png
6,Aligned_data/Unknown/Clifford_Etienne_0001.png
6,Aligned_data/Unknown/download (14).png
6,Aligned_data/Unknown/Faye_Alibocus_0001.png
6,Aligned_data/Unknown/images (9).png
6,Aligned_data/Unknown/images (6).png
6,Aligned_data/Unknown/images (5).png
6,Aligned_data/Unknown/download (9).png
6,Aligned_data/Unknown/download (4).png
6,Aligned_data/Unknown/images (7).png
6,Aligned_data/Unknown/download (13).png
6,Aligned_data/Unknown/download (15).png
6,Aligned_data/Unknown/download (25).png
6,Aligned_data/Unknown/download.png
6,Aligned_data/Unknown/download (3).png
6,Aligned_data/Unknown/download (28).png
6,Aligned_data/Unknown/images (1).png
6,Aligned_data/Unknown/Christian_Von_Wernich_0001.png
6,Aligned_data/Unknown/Chita_Rivera_0001.png
6,Aligned_data/Unknown/download (12).png
6,Aligned_data/Unknown/download (23).png
6,Aligned_data/Unknown/download (8).png
6,Aligned_data/Unknown/download (10).png
6,Aligned_data/Unknown/images (2).png
6,Aligned_data/Unknown/download (2).png
6,Aligned_data/Unknown/download (26).png
6,Aligned_data/Unknown/download (27).png
6,Aligned_data/Unknown/download (1).png
6,Aligned_data/Unknown/Cherry_Jones_0001.png
6,Aligned_data/Unknown/Florecita_Cobian_0001.png
6,Aligned_data/Unknown/images (3).png
7,Aligned_data/Aditya/test2.png
7,Aligned_data/Aditya/test3.png
7,Aligned_data/Aditya/Screenshot from 2017-07-31 14-35-26.png
7,Aligned_data/Aditya/Screenshot from 2017-07-31 21-13-35.png
7,Aligned_data/Aditya/test9.png
7,Aligned_data/Aditya/test6.png
7,Aligned_data/Aditya/Screenshot from 2017-07-31 14-34-42.png
7,Aligned_data/Aditya/test7.png
7,Aligned_data/Aditya/test1.png
7,Aligned_data/Aditya/IMG_3527.png
7,Aligned_data/Aditya/Screenshot from 2017-07-31 14-35-10.png
8,Aligned_data/Ashwini/Screenshot from 2017-07-26 17-22-17.png
8,Aligned_data/Ashwini/Screenshot from 2017-07-26 17-03-35.png
8,Aligned_data/Ashwini/Screenshot from 2017-07-26 17-02-57.png
8,Aligned_data/Ashwini/Screenshot from 2017-07-26 17-22-51.png
8,Aligned_data/Ashwini/Screenshot from 2017-07-26 16-59-16.png
8,Aligned_data/Ashwini/207051_5150518370_7654_n.png
8,Aligned_data/Ashwini/208459_5150528370_231_n.png
8,Aligned_data/Ashwini/Screenshot from 2017-07-26 17-21-29.png
8,Aligned_data/Ashwini/Screenshot from 2017-07-26 17-20-14.png
8,Aligned_data/Ashwini/215426_5150533370_1534_n.png
8,Aligned_data/Ashwini/Screenshot from 2017-07-26 17-21-10.png
8,Aligned_data/Ashwini/16998721_10154646344663371_4729480146401721504_n.png
8,Aligned_data/Ashwini/190319_4618168370_2619_n.png
8,Aligned_data/Ashwini/12279025_10153429278293371_4729100802624900550_n.png
8,Aligned_data/Ashwini/200033_4618163370_1440_n.png
8,Aligned_data/Ashwini/227856_6735473370_922_n.png
8,Aligned_data/Ashwini/17021947_10154646351793371_5212809518469324561_n.png
8,Aligned_data/Ashwini/17021723_10154646355068371_4984847918798208493_n.png
8,Aligned_data/Ashwini/Screenshot from 2017-07-26 17-20-48.png
8,Aligned_data/Ashwini/Screenshot from 2017-07-26 17-21-47.png
8,Aligned_data/Ashwini/229081_6735488370_3364_n.png
