1,Aligned_data_unknown/sumeetha/3b3fdcc2c003c3e9.png
1,Aligned_data_unknown/sumeetha/153fba44456b1bd1.png
1,Aligned_data_unknown/sumeetha/173fc0ec47058bf1.png
1,Aligned_data_unknown/sumeetha/9df61a4c661f4b60.png
1,Aligned_data_unknown/sumeetha/3fb0f0466ce487d1.png
1,Aligned_data_unknown/sumeetha/575d80eaebc101bb.png
1,Aligned_data_unknown/sumeetha/9bbfb44447031b93.png
1,Aligned_data_unknown/sumeetha/13b3fe4ae0a903d9.png
1,Aligned_data_unknown/sumeetha/b5da0aa4761bab83.png
1,Aligned_data_unknown/sumeetha/9db61a46632f17c1.png
1,Aligned_data_unknown/sumeetha/5bd594cd4e2ea232.png
1,Aligned_data_unknown/sumeetha/39629e1a6b8e499b.png
1,Aligned_data_unknown/sumeetha/bdf61a60269b434b.png
1,Aligned_data_unknown/sumeetha/2bbdf44600412ffb.png
1,Aligned_data_unknown/sumeetha/230e1aee0f271b73.png
1,Aligned_data_unknown/sumeetha/0bbdd6e4426b8359.png
1,Aligned_data_unknown/sumeetha/2326dc928fe78933.png
1,Aligned_data_unknown/sumeetha/3f3c78e78c296309.png
1,Aligned_data_unknown/sumeetha/bb3d1260e36b8359.png
1,Aligned_data_unknown/sumeetha/131fe8e23c138be3.png
1,Aligned_data_unknown/sumeetha/9b15fe444f230b93.png
1,Aligned_data_unknown/sumeetha/173ffae841438b0b.png
1,Aligned_data_unknown/sumeetha/1fb856ec4023bf91.png
1,Aligned_data_unknown/sumeetha/1bbffcc0030383bb.png
1,Aligned_data_unknown/sumeetha/bbbfb4400101cbfb.png
1,Aligned_data_unknown/sumeetha/bbbf94c04601c1fb.png
1,Aligned_data_unknown/sumeetha/b51a0ae1781f5ba5.png
1,Aligned_data_unknown/sumeetha/973a02e47a9f2b83.png
1,Aligned_data_unknown/sumeetha/1ba1fe46e06301bf.png
1,Aligned_data_unknown/sumeetha/3bbfd4c000c36bb3.png
1,Aligned_data_unknown/sumeetha/151bbac444eb15f3.png
1,Aligned_data_unknown/sumeetha/173ac0ec4e2513fb.png
1,Aligned_data_unknown/sumeetha/173fc0ec07033bf1.png
1,Aligned_data_unknown/sumeetha/533d8eca0513c3bb.png
1,Aligned_data_unknown/sumeetha/1b3ff44443818bbb.png
1,Aligned_data_unknown/sumeetha/ff1ac0644f0f1399.png
1,Aligned_data_unknown/sumeetha/57bcca442a538be3.png
1,Aligned_data_unknown/sumeetha/951fea4245a38bab.png
1,Aligned_data_unknown/sumeetha/3f1718c0ef039b1b.png
1,Aligned_data_unknown/sumeetha/1b3ff4c003c149fb.png
1,Aligned_data_unknown/sumeetha/153af0ae4b01bbd3.png
1,Aligned_data_unknown/sumeetha/3b01fe46e003cbf9.png
1,Aligned_data_unknown/sumeetha/1b1ff4c00f6343b9.png
1,Aligned_data_unknown/sumeetha/371ee0046a0797fb.png
1,Aligned_data_unknown/sumeetha/373e00ec450fe373.png
1,Aligned_data_unknown/sumeetha/973ac2ec6a033bc3.png
1,Aligned_data_unknown/sumeetha/111fbae64461abd3.png
1,Aligned_data_unknown/sumeetha/173ffa4841518bab.png
1,Aligned_data_unknown/sumeetha/973a02c57a930be7.png
1,Aligned_data_unknown/sumeetha/173ad04e450fb3f1.png
1,Aligned_data_unknown/sumeetha/8b3dd66e426ba119.png
1,Aligned_data_unknown/sumeetha/1313fefac203e391.png
1,Aligned_data_unknown/sumeetha/b51a4a6c7a135bc3.png
1,Aligned_data_unknown/sumeetha/b5555a762a4b2ac5.png
1,Aligned_data_unknown/sumeetha/073a908ecf0fe333.png
1,Aligned_data_unknown/sumeetha/17bcc2603e4b9b93.png
1,Aligned_data_unknown/sumeetha/173cc0cc472b17f3.png
1,Aligned_data_unknown/sumeetha/3f3ad0fe40038bf1.png
1,Aligned_data_unknown/sumeetha/1b3fb004e06f3fc1.png
1,Aligned_data_unknown/sumeetha/d57b4ac56a13a923.png
1,Aligned_data_unknown/sumeetha/2326de9aeda74131.png
1,Aligned_data_unknown/sumeetha/ff01dcfec009a3c1.png
1,Aligned_data_unknown/sumeetha/fbbf10420001effb.png
1,Aligned_data_unknown/sumeetha/3b3fd44462c331b3.png
1,Aligned_data_unknown/sumeetha/3fb110e44d6ba31b.png
1,Aligned_data_unknown/sumeetha/1fb1f45e600309fb.png
1,Aligned_data_unknown/sumeetha/f73e02e44e0f13ca.png
1,Aligned_data_unknown/sumeetha/371ee8c47b0a1373.png
1,Aligned_data_unknown/sumeetha/373a80e44e0fcbf1.png
1,Aligned_data_unknown/sumeetha/dd52b8984c4ee32b.png
1,Aligned_data_unknown/sumeetha/377cf0e68ca5c981.png
1,Aligned_data_unknown/sumeetha/a592d66a462b93cb.png
1,Aligned_data_unknown/sumeetha/9db61a4c761f51c1.png
1,Aligned_data_unknown/sumeetha/5fd514c0ebfb8181.png
1,Aligned_data_unknown/sumeetha/bb3df4464a430ba3.png
1,Aligned_data_unknown/sumeetha/373a94ccc20573f3.png
1,Aligned_data_unknown/sumeetha/7703fac445eb03b1.png
1,Aligned_data_unknown/sumeetha/9f919084466f67b9.png
1,Aligned_data_unknown/sumeetha/231cfaec033ba353.png
1,Aligned_data_unknown/sumeetha/173d8ac03c5b8bb3.png
1,Aligned_data_unknown/sumeetha/959f5a4465031beb.png
1,Aligned_data_unknown/sumeetha/3f3ffcc04d030bc1.png
1,Aligned_data_unknown/sumeetha/ffbf10c0c301e18f.png
1,Aligned_data_unknown/sumeetha/6166de9a61e1631b.png
1,Aligned_data_unknown/sumeetha/bd9a8066472e33d5.png
1,Aligned_data_unknown/sumeetha/9dd6724844335aeb.png
1,Aligned_data_unknown/sumeetha/111ffee2466181db.png
1,Aligned_data_unknown/sumeetha/ff3714feef010180.png
1,Aligned_data_unknown/sumeetha/67feb03ae4064d89.png
1,Aligned_data_unknown/sumeetha/173c8ac4ba5b33c3.png
1,Aligned_data_unknown/sumeetha/b59a806e6e07d1ab.png
1,Aligned_data_unknown/sumeetha/7f3f10c400e7af61.png
1,Aligned_data_unknown/sumeetha/1b3ff4446f031b91.png
1,Aligned_data_unknown/sumeetha/773d806c552b1bd1.png
1,Aligned_data_unknown/sumeetha/1bbdf44640c10bfb.png
1,Aligned_data_unknown/sumeetha/173a82ec431bbbc3.png
1,Aligned_data_unknown/sumeetha/61373e7aedc48941.png
1,Aligned_data_unknown/sumeetha/233eba098fc649b3.png
1,Aligned_data_unknown/sumeetha/173ee0c4ea0583fb.png
1,Aligned_data_unknown/sumeetha/fd9ac074262e85d3.png
2,Aligned_data_unknown/Rishab/bf30126ef603a94b.png
2,Aligned_data_unknown/Rishab/3f520cd64ea1fb41.png
2,Aligned_data_unknown/Rishab/1ffc50ce14cba14b.png
2,Aligned_data_unknown/Rishab/3fb010fed6a089e9.png
2,Aligned_data_unknown/Rishab/373ff1e21ce801e8.png
2,Aligned_data_unknown/Rishab/3f30127ed603a9cb.png
2,Aligned_data_unknown/Rishab/1f1b98b4ce26c70b.png
2,Aligned_data_unknown/Rishab/1f2812fe9683a9cb.png
2,Aligned_data_unknown/Rishab/3f3cc03ec6e08f61.png
2,Aligned_data_unknown/Rishab/d7559214c66a2bd5.png
2,Aligned_data_unknown/Rishab/377c78c43cade109.png
2,Aligned_data_unknown/Rishab/955594d656834be3.png
2,Aligned_data_unknown/Rishab/55559a94ce2e85ab.png
2,Aligned_data_unknown/Rishab/3fb110fec601af61.png
2,Aligned_data_unknown/Rishab/3fb01254fea1a16b.png
2,Aligned_data_unknown/Rishab/ddd55a96260a4ba9.png
2,Aligned_data_unknown/Rishab/3fb012e6f681a1cb.png
2,Aligned_data_unknown/Rishab/dd95525e2e064b4b.png
2,Aligned_data_unknown/Rishab/dd55d5564e264943.png
2,Aligned_data_unknown/Rishab/3f3032382c8ee7cb.png
2,Aligned_data_unknown/Rishab/377cf05ea0cec123.png
2,Aligned_data_unknown/Rishab/3fb01286f683a1eb.png
2,Aligned_data_unknown/Rishab/3fb010eef602e94b.png
2,Aligned_data_unknown/Rishab/3f30d44ee44ba1cb.png
2,Aligned_data_unknown/Rishab/bf20544ef403a9eb.png
2,Aligned_data_unknown/Rishab/3f30107eb643a9cb.png
2,Aligned_data_unknown/Rishab/3f3ce01ee6e101e9.png
2,Aligned_data_unknown/Rishab/5f319894ee26a32b.png
2,Aligned_data_unknown/Rishab/1f10d44ef40ba9eb.png
2,Aligned_data_unknown/Rishab/3f1a84d60ef14ba9.png
2,Aligned_data_unknown/Rishab/3fb910c6f683a1c9.png
2,Aligned_data_unknown/Rishab/1f18944ee643abcd.png
2,Aligned_data_unknown/Rishab/3fb810fec4e181e9.png
2,Aligned_data_unknown/Rishab/3f1032386eae63cb.png
2,Aligned_data_unknown/Rishab/3f3012fe9603a9cb.png
2,Aligned_data_unknown/Rishab/3fb510c6fec3a049.png
2,Aligned_data_unknown/Rishab/2f103abccea6c34b.png
2,Aligned_data_unknown/Rishab/3f38164ed643a9c9.png
2,Aligned_data_unknown/Rishab/377cf8463ca0c16b.png
2,Aligned_data_unknown/Rishab/977ef8e00cade1c0.png
2,Aligned_data_unknown/Rishab/3fb002fcd681b9c9.png
2,Aligned_data_unknown/Rishab/571b90b8ce2ee30b.png
2,Aligned_data_unknown/Rishab/3f30d04ef603a9cb.png
2,Aligned_data_unknown/Rishab/1f18945ee443a9eb.png
2,Aligned_data_unknown/Rishab/5d9754a6ce43a945.png
2,Aligned_data_unknown/Rishab/1f199456a65729cb.png
2,Aligned_data_unknown/Rishab/37df78c400a1f9c3.png
2,Aligned_data_unknown/Rishab/3f3ef0470aa150af.png
2,Aligned_data_unknown/Rishab/377ff8c480219fc1.png
2,Aligned_data_unknown/Rishab/373032382cae6fcb.png
2,Aligned_data_unknown/Rishab/5d9754ae56076943.png
3,Aligned_data_unknown/Unknown/Tamara_Mowry_0001.png
3,Aligned_data_unknown/Unknown/download (21).png
3,Aligned_data_unknown/Unknown/Cherry_Jones_0001.png
3,Aligned_data_unknown/Unknown/images (2).png
3,Aligned_data_unknown/Unknown/download (23).png
3,Aligned_data_unknown/Unknown/download (2).png
3,Aligned_data_unknown/Unknown/download (25).png
3,Aligned_data_unknown/Unknown/download (4).png
3,Aligned_data_unknown/Unknown/Martha_Bowen_0002.png
3,Aligned_data_unknown/Unknown/images (3).png
3,Aligned_data_unknown/Unknown/download (9).png
3,Aligned_data_unknown/Unknown/Christian_Von_Wernich_0001.png
3,Aligned_data_unknown/Unknown/download_1.png
3,Aligned_data_unknown/Unknown/download (22).png
3,Aligned_data_unknown/Unknown/download (28).png
3,Aligned_data_unknown/Unknown/download (16).png
3,Aligned_data_unknown/Unknown/Jim_OBrien_0003.png
3,Aligned_data_unknown/Unknown/Michael_Schumacher_0006.png
3,Aligned_data_unknown/Unknown/images (6).png
3,Aligned_data_unknown/Unknown/Talisa_Soto_0001.png
3,Aligned_data_unknown/Unknown/Sada_Jacobson_0001.png
3,Aligned_data_unknown/Unknown/Recep_Tayyip_Erdogan_0002.png
3,Aligned_data_unknown/Unknown/download (13).png
3,Aligned_data_unknown/Unknown/Clifford_Etienne_0001.png
3,Aligned_data_unknown/Unknown/download (14).png
3,Aligned_data_unknown/Unknown/Recep_Tayyip_Erdogan_0021.png
3,Aligned_data_unknown/Unknown/Recep_Tayyip_Erdogan_0010.png
3,Aligned_data_unknown/Unknown/Janica_Kostelic_0001.png
3,Aligned_data_unknown/Unknown/Jim_OBrien_0001.png
3,Aligned_data_unknown/Unknown/download (8).png
3,Aligned_data_unknown/Unknown/download (19).png
3,Aligned_data_unknown/Unknown/Tatiana_Kennedy_Schlossberg_0001.png
3,Aligned_data_unknown/Unknown/Chita_Rivera_0001.png
3,Aligned_data_unknown/Unknown/Martha_Bowen_0001.png
3,Aligned_data_unknown/Unknown/download (1).png
3,Aligned_data_unknown/Unknown/download (7).png
3,Aligned_data_unknown/Unknown/Recep_Tayyip_Erdogan_0004.png
3,Aligned_data_unknown/Unknown/images (5).png
3,Aligned_data_unknown/Unknown/Faye_Alibocus_0001.png
3,Aligned_data_unknown/Unknown/Nora_Bendijo_0002.png
3,Aligned_data_unknown/Unknown/Tamara_Brooks_0001.png
3,Aligned_data_unknown/Unknown/Florecita_Cobian_0001.png
3,Aligned_data_unknown/Unknown/Michael_Schumacher_0002.png
3,Aligned_data_unknown/Unknown/download (15).png
3,Aligned_data_unknown/Unknown/Elisabeth_Schumacher_0002.png
3,Aligned_data_unknown/Unknown/images (1).png
3,Aligned_data_unknown/Unknown/Francois_Ozon_0001.png
3,Aligned_data_unknown/Unknown/download (11).png
3,Aligned_data_unknown/Unknown/download (26).png
3,Aligned_data_unknown/Unknown/download (17).png
3,Aligned_data_unknown/Unknown/Janica_Kostelic_0002.png
3,Aligned_data_unknown/Unknown/download (6).png
3,Aligned_data_unknown/Unknown/Talisa_Bratt_0001.png
3,Aligned_data_unknown/Unknown/images (9).png
3,Aligned_data_unknown/Unknown/Jim_OBrien_0002.png
3,Aligned_data_unknown/Unknown/download (24).png
3,Aligned_data_unknown/Unknown/download (18).png
3,Aligned_data_unknown/Unknown/download.png
3,Aligned_data_unknown/Unknown/download (3).png
3,Aligned_data_unknown/Unknown/Michael_Schumacher_0008.png
3,Aligned_data_unknown/Unknown/download (27).png
3,Aligned_data_unknown/Unknown/images (7).png
3,Aligned_data_unknown/Unknown/images.png
3,Aligned_data_unknown/Unknown/download (12).png
3,Aligned_data_unknown/Unknown/download (10).png
3,Aligned_data_unknown/Unknown/Nora_Bendijo_0001.png
4,Aligned_data_unknown/Abhishek/b50ab4564e07a9eb.png
4,Aligned_data_unknown/Abhishek/17f9a84750bb816b.png
4,Aligned_data_unknown/Abhishek/57a8566aeea4b151.png
4,Aligned_data_unknown/Abhishek/3710bc46c64bab3b.png
4,Aligned_data_unknown/Abhishek/b502bd562e2fa9c1.png
4,Aligned_data_unknown/Abhishek/b77aac46c6419173.png
4,Aligned_data_unknown/Abhishek/55aaa057e80fb16b.png
4,Aligned_data_unknown/Abhishek/b500b65aae2ee5d1.png
4,Aligned_data_unknown/Abhishek/37389adce6cd8921.png
4,Aligned_data_unknown/Abhishek/7592c8ae4a7515e3.png
4,Aligned_data_unknown/Abhishek/ad975265929b4bc2.png
4,Aligned_data_unknown/Abhishek/57aba85728bb0369.png
4,Aligned_data_unknown/Abhishek/17b8d4cc4ee10f71.png
4,Aligned_data_unknown/Abhishek/17faea556a0339c1.png
4,Aligned_data_unknown/Abhishek/5fa8045eee05b9a9.png
4,Aligned_data_unknown/Abhishek/ebbbe84744919b88.png
4,Aligned_data_unknown/Abhishek/7da0165a6e85e999.png
4,Aligned_data_unknown/Abhishek/df38e0c608a3b33d.png
4,Aligned_data_unknown/Abhishek/b55aaa9540bd0be9.png
4,Aligned_data_unknown/Abhishek/5ff880067bffd020.png
4,Aligned_data_unknown/Abhishek/e738e7c81fe21c03.png
4,Aligned_data_unknown/Abhishek/1fa8047e4ea5abc9.png
4,Aligned_data_unknown/Abhishek/556aaa55681fa959.png
4,Aligned_data_unknown/Abhishek/bd12d866c50b17d3.png
4,Aligned_data_unknown/Abhishek/ff38e0c60823b33d.png
4,Aligned_data_unknown/Abhishek/859092daa72ded99.png
4,Aligned_data_unknown/Abhishek/df38e0c608e3b339.png
4,Aligned_data_unknown/Abhishek/1738d69e54eb1b41.png
4,Aligned_data_unknown/Abhishek/cdb6d86c964d11d1.png
4,Aligned_data_unknown/Abhishek/ffff7e5600010147.png
4,Aligned_data_unknown/Abhishek/27301a7ecfce8931.png
4,Aligned_data_unknown/Abhishek/17f0169e54eb3b41.png
4,Aligned_data_unknown/Abhishek/a5011a5ab6a46def.png
4,Aligned_data_unknown/Abhishek/3da012ea46a7e5d9.png
4,Aligned_data_unknown/Abhishek/b5a8145e6e25a9e9.png
4,Aligned_data_unknown/Abhishek/bd964864b60b2bcb.png
4,Aligned_data_unknown/Abhishek/f59248aa4a771573.png
4,Aligned_data_unknown/Abhishek/173858ce4cef053b.png
4,Aligned_data_unknown/Abhishek/b5522ab550bbbb41.png
4,Aligned_data_unknown/Abhishek/b5924ab4566b95c5.png
4,Aligned_data_unknown/Abhishek/1738d8ce44eb07b9.png
4,Aligned_data_unknown/Abhishek/1fb8405eee05b1e9.png
4,Aligned_data_unknown/Abhishek/8d926d066b929df2.png
4,Aligned_data_unknown/Abhishek/9da6904c369b6b8b.png
4,Aligned_data_unknown/Abhishek/1738e28c62abb9b9.png
4,Aligned_data_unknown/Abhishek/55a8c056ee07b9ab.png
4,Aligned_data_unknown/Abhishek/3712a8d4e84f2bb3.png
4,Aligned_data_unknown/Abhishek/17f81cc607e1bf41.png
4,Aligned_data_unknown/Abhishek/ad569a6436d60d99.png
4,Aligned_data_unknown/Abhishek/371af80eef813b03.png
4,Aligned_data_unknown/Abhishek/1f20e30ff0e31fe0.png
4,Aligned_data_unknown/Abhishek/777450deacc78511.png
4,Aligned_data_unknown/Abhishek/3708f44eef41bb03.png
4,Aligned_data_unknown/Abhishek/1738d8cec4af8533.png
4,Aligned_data_unknown/Abhishek/15ea145e6e07a9ab.png
4,Aligned_data_unknown/Abhishek/bd4a945e6e26a991.png
4,Aligned_data_unknown/Abhishek/379c53c0c8338f3b.png
4,Aligned_data_unknown/Abhishek/55aaa056e81fb16b.png
4,Aligned_data_unknown/Abhishek/55a8aa56e81fa959.png
4,Aligned_data_unknown/Abhishek/17b8d0cec4eb0733.png
4,Aligned_data_unknown/Abhishek/abbbd8cf4643101b.png
4,Aligned_data_unknown/Abhishek/776c9a16ccaf2119.png
4,Aligned_data_unknown/Abhishek/173858ceecaf0533.png
4,Aligned_data_unknown/Abhishek/373892dce6c9a531.png
4,Aligned_data_unknown/Abhishek/855258b692cbcaeb.png
4,Aligned_data_unknown/Abhishek/55a8a854e81fabd5.png
4,Aligned_data_unknown/Abhishek/073cf0c68ca3bd63.png
4,Aligned_data_unknown/Abhishek/671c32c62a2f3979.png
4,Aligned_data_unknown/Abhishek/b5ea145e6a06a9ab.png
4,Aligned_data_unknown/Abhishek/1770d68e54eb1b61.png
4,Aligned_data_unknown/Abhishek/d58a057e6a9591e5.png
4,Aligned_data_unknown/Abhishek/df38e0c608e3b939.png
4,Aligned_data_unknown/Abhishek/b5924aad554bb14b.png
4,Aligned_data_unknown/Abhishek/3738a2dcc6e39323.png
4,Aligned_data_unknown/Abhishek/3fe01fc02f15a05f.png
4,Aligned_data_unknown/Abhishek/17509fd46f302b35.png
4,Aligned_data_unknown/Abhishek/173892dccee71323.png
4,Aligned_data_unknown/Abhishek/956aa85568afa1d9.png
4,Aligned_data_unknown/Abhishek/9d96586436cb2acb.png
4,Aligned_data_unknown/Abhishek/1fb9f047283b813d.png
4,Aligned_data_unknown/Abhishek/771c53c0c023cf7b.png
4,Aligned_data_unknown/Abhishek/173ce2ce4ea1b561.png
4,Aligned_data_unknown/Abhishek/1738d68e55eb1b41.png
4,Aligned_data_unknown/Abhishek/7552992db245abd2.png
4,Aligned_data_unknown/Abhishek/1fe00f3fc0aadf08.png
4,Aligned_data_unknown/Abhishek/8d96f27c639189c5.png
4,Aligned_data_unknown/Abhishek/8d52b65d42195be5.png
4,Aligned_data_unknown/Abhishek/55aaaa546a0fb94b.png
4,Aligned_data_unknown/Abhishek/67e45a16ccaba14b.png
4,Aligned_data_unknown/Abhishek/3738d2dce6e98921.png
4,Aligned_data_unknown/Abhishek/5f38e00f3dc00b3f.png
4,Aligned_data_unknown/Abhishek/b59f52654d1309cb.png
4,Aligned_data_unknown/Abhishek/17b8d4d44ee10f71.png
4,Aligned_data_unknown/Abhishek/473df8c73823238d.png
4,Aligned_data_unknown/Abhishek/37aad4cec403af31.png
4,Aligned_data_unknown/Abhishek/956aaa544a3fb159.png
4,Aligned_data_unknown/Abhishek/4db6926c4691d769.png
4,Aligned_data_unknown/Abhishek/9d9690e425071bfb.png
4,Aligned_data_unknown/Abhishek/55a814fe4ea5a9d1.png
4,Aligned_data_unknown/Abhishek/bd32dc66058317b3.png
